Eixo;Sexo;Bebe;Data inicia;Data final;texto real;Código
Desenvolvimento;A;gestação;0;8;Bem vinda ao ProBebe!! Iremos ajuda-la desde a gravidez ate os 18 meses de seu bebê. Programe visita a seu medico para conversar sobre a gravidez.;1
Saude;A;gestação;0;8;Compartilhe sua gravidez com um profissional de saúde de sua confiança. Ele vai lhe orientar e ajudá-la para que seu bebê se desenvolva com saúde.;2
Saude;A;gestação;0;8;Está sentindo enjoos? É um sintoma comum no início da gravidez. Tomar chá de gengibre, de hortelã ou de limão pode ajudar. Procure descansar sempre que puder.;3
Desenvolvimento;A;gestação;3;9;Seu bebê é do tamanho de uma lentilha. Já tem mãos e pés e são bem pequenininhos. Seu coração está batendo, mas com batidas ainda não muito ritmadas.;4
Financas;A;gestação;3;9;Visitas regulares ao médico ajudam a garantir que você e seu bebê se mantenham sempre saudáveis. Agende mensalmente suas consultas.;5
saude;A;gestação;3;9;Sangramentos leves podem ser ​​preocupantes, mas são muito comuns na gravidez. Se você tiver sangramento com dor, entre em contato com seu médico.;6
Desenvolvimento;A;gestação;4;10;O coração e o cérebro do bebê estão se formando. Tomar um comprimido por dia de ácido fólico+ferro vai ajudá-la a ficar em segurança. Converse com seu médico sobre isso.;7
saude;A;gestação;4;10;Uma alimentação saudável fará com que seu bebê cresça bem. Tente comer um pouco de carne, ovos, feijão ou lentilhas, legumes verdes, leite, iogurte ou soja todos os dias.;8
saude;A;gestação;4;10;Sangramento leve, como acontece nos primeiros dias da menstruação, é muito comum no início da gravidez. Mas se você tiver sangramento com dor, procure o médico.;9
Desenvolvimento;A;gestação;5;11;Seu bebê agora é do tamanho de uma uva e seus ossos estão se desenvolvendo. Você pode sentir enjoos ou vomitar. Coma a cada 3 horas e procure ingerir bastante água.;10
saude;A;gestação;5;11;Alguns medicamentos podem prejudicar o seu bebê. Não faça uso de medicamento algum sem antes consultar o seu médico.;11
Financas;A;gestação;5;11;Planeje com antecedência como você vai chegar à clínica para sua primeira visita ao médico. Peça a sua família para ajudá-la a chegar lá.;12
Desenvolvimento;A;gestação;6;12;Você completou 2 meses de gravidez. Seu bebê ainda é pequeno, mas é possível que você esteja cansada. Isso é normal. Gerar um bebê é trabalho duro!;13
saude;A;gestação;6;12;Proteja-se contra infecções. Lave sempre as mãos com sabão antes de preparar as refeições, após usar o banheiro e depois de manusear animais.;14
seguranca;A;gestação;6;12;Certifique-se de que todos os seus alimentos estão frescos. Cozinhe refeições frescas todos os dias. Comida de má qualidade ou fora da validade pode lhe fazer mal;15
Desenvolvimento;A;gestação;7;13;Seu bebê é agora do tamanho de uma tâmara. Prepare-se para ir à clínica fazer um check-up e iniciar com seus comprimidos de ácido fólico+ferro. Tome um por dia, mas com orientação médica.;16
saude;A;gestação;7;13;Dar à luz coloca você e seu bebê em risco de tétano. A vacina contra o tétano pode protegê-la. Pergunte ao seu profissional de saúde sobre essa questão.;17
Desenvolvimento;A;gestação;7;13;O iodo ajuda o cérebro de seu bebê a se desenvolver. Verifique se o sal que você compra tem iodo. Leia indicação na embalagem ou pergunte ao seu médico, se você não tem certeza.;18
Desenvolvimento;A;gestação;8;14;Você pode estar sentindo menos enjoos. Seu bebê é do tamanho de seu polegar e está mergulhado em uma bolsa de água no seu útero. A água vai protegê-lo enquanto cresce.;19
saude;A;gestação;8;14;Importante verificar os níveis de ferro no exame de sangue. Tome a vacina contra o tétano e faça o teste de HIV. Confirme tudo isso com seu médico.;20
seguranca;A;gestação;8;14;Se tiver um pouco de tontura sente-se e coma ou beba alguma coisa até se sentir melhor. Levante-se devagar. Tente comer pouco várias vezes por dia.;21
seguranca;A;gestação;9;15;Bebidas alcoolicas são ruins para você e seu bebê. Não beba nada com álcool durante a gravidez.;22
saude;A;gestação;9;15;Se você tiver febre, ou começar a tremer e a sentir-se doente, procure o médico. A febre pode afetar você e a seu bebê, E precisa de tratamento.;23
saude;A;gestação;9;15;Beba bastante água potável e filtrada durante todo o dia. A água ajuda você a se manter hidratada e a se livrar de germes em seu corpo. Caso tenha dor para urinar, procure o médico.;24
Desenvolvimento;A;gestação;10;16;Seu bebê já cresceu bastante. Os músculos de sucção de sua boca estão se formando. Quando nascer, seu bebê estará pronto para mamar.;25
saude;A;gestação;10;16;Não se esqueça de tomar os comprimidos de ácido fólico+ferro, um por dia. Pode aparecer uma linha escura na pele, em sua barriga. É normal e causada pela gravidez. Vai desaparecer depois do parto.;26
seguranca;A;gestação;10;16;Fumar prejudica muito você e seu bebê. Pare de fumar e evite locais com fumaça ou poluentes.;27
Desenvolvimento;A;gestação;11;17;Seu bebê começa a ter cabelo, já pode agarrar, franzir a testa e até mesmo chupar o dedo! Tente comer um pouco mais de alimentos em cada refeição + lanches extras.;28
saude;A;gestação;11;17;Muitas mulheres começam a se sentir menos enjoadas nesta época e ficam com mais fome. Coma frutas, legumes e carne ou lentilhas, ervilha e feijão.;29
seguranca;A;gestação;11;17;Algumas mulheres grávidas têm vontade de alimentos estranhos. Não coma qualquer coisa. Fale com o seu médico e peça orientação sobre esses desejos.;30
Desenvolvimento;A;gestação;12;18;Nesta semana seu bebê cabe na palma da sua mão. Ele já tem pequenas unhas e cílios e é muito delicado.;31
saude;A;gestação;12;18;Beber álcool pode prejudicar o seu bebé e afetar seu crescimento. Não beba bebidas alcoolicas durante toda a gravidez. Tome muita água potável filtrada.;32
seguranca;A;gestação;12;18;Mantenha sua casa bem ventilada, evite fumaça de outras pessoas fumando por perto. Tente parar de fumar durante a gravidez, pois o fumo prejudica você e o seu bebê.;33
Desenvolvimento;A;gestação;13;19;Seu bebê é agora do tamanho de uma pera. Ele pode ter encontrado o seu primeiro brinquedo - o cordão umbilical! Após o nascimento, mantenha o cordão bem limpo.;34
saude;A;gestação;13;19;Mosquitos podem transmitir doenças. Use um mosquiteiro para dormir. Se for usar inseticidas, aplique 4 horas antes de ir para cama.;35
saude;A;gestação;13;19;Ferro e comprimidos de ácido fólico ajudam você ficar bem e seu bebê, a crescer. Solicite orientações a seu médico.;36
Desenvolvimento;A;gestação;14;20;Seu bebê é agora o tamanho de uma pequena manga. Se você tiver prisão de ventre, beba bastante água filtrada e coma frutas e legumes.;37
seguranca;A;gestação;14;20;Sua higiene vai ajudar a proteger você e seu bebê contra infecções. Lave sempre as mãos com sabonete após ir ao banheiro e antes das refeições.;38
Financas;A;gestação;14;20;Você pode precisar de dinheiro extra durante a gravidez, mas sobretudo quando o bebê chegar. Comece a poupar desde já, um pouco todos os dias.;39
Desenvolvimento;A;gestação;15;21;Seu bebê cresce rapidamente. Já tem o dobro do tamanho que tinha na semana passada. Ele está se movendo mais e você vai senti-lo em breve. Ele pode ouvir o seu batimento cardíaco.;40
saude;A;gestação;15;21;Cansaço com dor de cabeça e tonturas pode indicar falta de ferro. Lembre-se de tomar seus comprimidos de ácido fólico+ferro. Um por dia.;41
seguranca;A;gestação;15;21;É comum sentir dor nas costas na gravidez. Evite levantar coisas pesadas - mas se for preciso, procure fazer com cuidado, dividindo o peso igualmente entre as duas mãos.;42
Desenvolvimento;A;gestação;16;22;Seu bebê já tem todos os seus principais órgãos: coração, fígado e rins. Também começa a desenvolver capacidades para o paladar! ;43
saude;A;gestação;16;22;Verifique seu grupo sanguíneo e veja quem, dentre seus parentes, tem o mesmo grupo sanguíneo que o seu. Pergunte se eles podem doar sangue.;44
Desenvolvimento;A;gestação;16;22;Tenha em mente colocar o bebê para mamar ao peito já na primeira hora de nascimento. Seu primeiro leite irá protegê-lo de doenças.;45
Desenvolvimento;A;gestação;17;23;Você está no meio de gravidez! Seu bebê flutua dentro do útero. Isso o protege de batidas e o mantém aquecido. E permite que ele se mova com facilidade.;46
Desenvolvimento;A;gestação;17;23;Você vai começar a sentir o bebê chutando em breve. Tire um tempo todos os dias para senti-lo se mover e converse com ele. Informe seu médico sobre quaisquer alterações.;47
saude;A;gestação;17;23;Você poderá sentir falta de ar quando caminha. Seu útero pode estar pressionando seus pulmões. Converse com seu médico se achar que está sem fôlego o tempo todo.;48
saude;A;gestação;18;24;Seu bebê pode ouvir seus batimentos cardíacos e outros ruídos de dentro do seu corpo. E também pode ouvir a sua voz, portanto é bom falar e cantar para ele.;49
seguranca;A;gestação;18;24;Sempre lave as mãos com água e sabonete para prevenir infecções. Lave-as depois de brincar com animais, depois de ir ao banheiro e antes de cozinhar.;50
saude;A;gestação;18;24;Se você tem febre, vômitos, sangramento ou dor ao urinar procure seu médico. Fale também com sua família sobre esses e outros sintomas que lhe incomodem.;51
Desenvolvimento;A;gestação;19;25;Seu bebê pode girar o corpo e dar pontapés. Esse é um bom sinal! Informe seu médico se perceber mudanças na frequência desses movimentos do seu bebê.;52
Desenvolvimento;A;gestação;19;25;Conforme seu bebê cresce, ele vai precisando de mais comida. Lentamente, aumente a quantidade de alimento que você come diariamente.;53
saude;A;gestação;19;25;Gerar um bebê pode fazer você se sentir muito cansada. Descanse o máximo possível. Peça ajuda à sua família ou às amigas com as compras, na cozinha e na limpeza de casa.;54
saude;A;gestação;20;26;Seu bebê tem agora tempos definidos de sono e de ficar acordado. Você começa a sentir os chutes. Se o bebê deixar de se movimentar, procure seu médico.;55
seguranca;A;gestação;20;26;Se alguém da sua família tem tuberculose (TB), existe medicamento gratuito que pode curá-lo. Procurar tratamento para a TB ajuda a proteger seu bebê.;56
saude;A;gestação;20;26;A área ao redor dos mamilos pode ficar mais escura. Você pode sentir os seios mais pesados agora. Seu corpo está se preparando para a amamentação.;57
Desenvolvimento;A;gestação;21;27;O paladar do seu bebê está se desenvolvendo, pronto para aproveitar o seu leite! O leite materno fará seu bebê crescer forte. É o alimento perfeito.;58
Desenvolvimento;A;gestação;21;27;O primeiro leite após o parto é o melhor para seu bebê. Deixe seu parceiro saber que você quer amamentar seu filho(a) na primeira hora. Ele poderá ajudá-la o hospital.;59
Financas;A;gestação;21;27;É hora da sua próxima visita ao médico. Peça mais comprimidos de ácido fólico+ferro.;60
saude;A;gestação;22;28;Seu bebê está ganhando gordura. Essa gordura vai ajudar a mantê-lo aquecido quando ele nasce. Você pode ajudá-lo se comer um pouco mais em cada refeição.;61
saude;A;gestação;22;28;Seu bebê em crescimento precisa de muito ferro. Tente comer carne, lentilhas, feijão ou grão de bico todos os dias, além de tomar seu comprimido de ferro.;62
saude;A;gestação;22;28;A sensação de queimação na parte superior do estômago é azia. Alimentos picantes e oleosos podem piorar a situação. Um copo de leite ajudará você a se sentir melhor.;63
Desenvolvimento;A;gestação;23;29;Seu bebê tem quase o tamanho de um abacaxi. Começa a mover os músculos do peito e está se preparando para respirar quando nascer.;64
Financas;A;gestação;23;29;O parto pode, às vezes, trazer complicações. É melhor programar ter seu bebê em uma maternidade, dessa forma você e o bebê terão assistências imediatas.;65
saude;A;gestação;23;29;Conforme seu bebê cresce e ocupa mais espaço no útero, pode ser difícil comer grandes refeições. Coma pouco e muitas vezes para obter alimentação suficiente.;66
Desenvolvimento;A;gestação;24;30;Nesta fase da gravidez o bebê já sonha. Talvez ele esteja sonhando sobre como será seu nascimento! Se ele não está tão ativo como de costume, informe o seu médico.;67
saude;A;gestação;24;30;O cálcio ajuda a formar ossos e dentes fortes. Beba leite e coma feijão e legumes que têm bastante cálcio.;68
saude;A;gestação;24;30;Mãos e pés um pouco inchados são comuns na gravidez. Mas se você tem inchaço súbito e dor de cabeça, informe seu médico, sem demora.;69
Desenvolvimento;A;gestação;25;31;Seu bebê responde a mudanças - pode se mover quando você se despir! Você sente muita sede e necessidade constante de urinar? Diga a seu médico, pode ser diabetes gestacional.;70
Financas;A;gestação;25;31;Dar à luz em casa? No hospital você estará mais segura para ter seu bebê.;71
saude;A;gestação;25;31;Beba muita água e coma frutas para manter as fezes pastosas. Se você tiver coceira ao redor do ânus, lave a área depois de defecar.;72
Desenvolvimento;A;gestação;26;32;Seu bebê está do tamanho de um grande melão. Você pode senti-lo reagir à luz e ao som. Ele pode se mexer quando você cantar para ele.;73
saude;A;gestação;26;32;Coma duas colheradas extras de alimentos em cada refeição e faça um lanche saudável entre as refeições. Coma algo antes de ir para a cama também, mas controle seu peso.;74
Financas;A;gestação;26;32;Se você precisar de uma transfusão de sangue, seus amigos e familiares podem doar. Descubra se o seu grupo sanguíneo é o mesmo que o deles.;75
Desenvolvimento;A;gestação;27;33;Seu bebê já pode abrir e fechar os olhos. Dentro do ventre ele consegue distinguir o dia da noite pela forma como a luz muda.;76
Financas;A;gestação;27;33;Você já escolheu sua maternidade? Descubra o caminho mais rápido para chegar lá e que meios de transportes você pode usar. Peça ajuda para sua família.;77
Financas;A;gestação;27;33;Quer fazer parto em casa? Certifique-se de que você tenha uma parteira treinada e um kit de nascimento pronto para ter um parto seguro e limpo. Converse sobre isso com seu médico.;78
Desenvolvimento;A;gestação;28;34;Se você pudesse dar uma olhada lá dentro, você veria se seu bebê é um menino ou menina. Os órgãos genitais já se desenvolveram.;79
Financas;A;gestação;28;34;Tenha uma obstetris treinada presente durante o nascimento. Ela vai saber como manipular a placenta com segurança e pode evitar sangramentos excessivos.;80
saude;A;gestação;28;34;Você já sentiu a barriga apertar de repente e depois relaxar? Essa foi uma contração uterina. Seu corpo está se preparando para o trabalho de parto.;81
saude;A;gestação;29;35;Seu bebê está engordando! Essa gordura corporal irá mantê-lo aquecido quando nascer. Tenha 2 panos prontos para esse momento: um para secá-lo e outro para envolvê-lo.;82
saude;A;gestação;29;35;Tenha um chapéu ou pequeno pano pronto para cobrir a cabeça de seu bebê quando nascer. Eles perdem muito calor pela cabeça. Segure-o perto de seu corpo para mantê-lo aquecido.;83
Financas;A;gestação;29;35;É hora da sua terceira visita ao médico. Faça planos para começar a amamentar seu bebê assim que ele nascer. Não dê mel ou qualquer outra coisa nos seis primeiros meses.;84
Desenvolvimento;A;gestação;30;36;Seu bebê pode estar se posicionando com a cabeça para baixo. É a melhor posição para nascer! Talvez você passe a ter mais dificuldade para andar. É hora de desacelerar suas rotinas.;85
saude;A;gestação;30;36;Se a bolsa d'água do seu bebê se romper, vá para a maternidade. Mesmo que seja apenas um fio de água. Sem a água, seu bebê corre risco de infecção.;86
saude;A;gestação;30;36;Câimbras nas pernas podem acordá-la à noite. Estique as pernas, caminhe um pouco e tente alongar os músculos doloridos para aliviar esse incômodo.;87
Desenvolvimento;A;gestação;31;37;Se não conseguir amamentar logo após o nascimento do bebê, peça orientação ao profissional de saúde que lhe acompanha.;88
saude;A;gestação;31;37;Inchaço súbito das mãos, rosto e pés é sinal de problema. Peça para sua família levá-la ao médico.;89
Desenvolvimento;A;gestação;31;37;Seu bebê vai movimentar mais para baixo agora - está quase pronto para nascer. Você vai respirar melhor, mas também poderá urinar com mais frequência.;90
saude;A;gestação;32;38;Seu corpo foi preparado para dar à luz. O canal do parto vai se distender e se abrir a cada contração durante o trabalho de parto, dando espaço para seu bebê nascer.;91
Desenvolvimento;A;gestação;32;38;O aleitamento materno é a melhor maneira de alimentar seu bebê. É seguro, evita doenças e o ajuda a crescer forte. Deixe seu bebê mamar sempre que ele quiser.;92
saude;A;gestação;32;38;Às vezes, uma cirurgia é a maneira mais segura de ter seu bebê. Escolha um local e equipe confiáveis para o caso de necessitar de cirurgia.;93
saude;A;gestação;33;39;O seu bebê recém-nascido vai precisar de ajuda para se manter aquecido quando nascer. Tenha alguns panos prontos para envolvê-lo e secá-lo e mantenha-o perto de você.;94
saude;A;gestação;33;39;creio que esta orientacao nao se aplica no Brasil.;95
Desenvolvimento;A;gestação;33;39;É hora de seu último check-up. Utilize este check-up para fazer perguntas sobre o nascimento. Esclareça todas as suas dúvidas.;96
Desenvolvimento;A;gestação;34;40;creio que é melhor nao fornecer esta orientacao. Exceto se um obstetra consultor do programa aprovar.;97
saude;A;gestação;34;40;A infecção do cordão pode fazer seu bebê adoecer. Lave o cordão com água limpa e deixe-o descoberto para secar. Não coloque qualquer coisa sobre ele.;98
saude;A;gestação;34;40;Não dê banho em seu bebê nas primeiras 6 horas. Mantenha-o bem agasalhado e com a cabeça coberta. O cordão umbilical vai cair depois de uma semana.;99
Desenvolvimento;A;gestação;35;41;A partir de agora seu bebê está pronto para nascer. Fale com o seu médico sobre as vacinas que ele precisará tomar quando nascer.;100
saude;A;gestação;35;41;Um corrimento gelatinoso é um sinal de que o parto vai começar em breve. Se você sangrar como uma menstruação, vá para o hospital.;101
saude;A;gestação;35;41;Dor nas costas pode ser sinal de que o bebê está encaixado e pronto para nascer. Certifique-se de que você possa ir para a maternidade em tempo.;102
desenvolvimento;A;gestação;36;41;É natural se preocupar com o parto, mas você pode buscar ajuda. Fale com o seu profissional de saúde, que poderá orientá-la respondendo a todas as suas dúvidas.;103
desenvolvimento;A;gestação;36;41;Seu bebê não precisa de mais nada além do seu leite durante os primeiros 6 meses. Seu leite vai conter todo os nutrientes, a água e a proteção que ele precisa.;104
desenvolvimento;A;gestação;36;41;Seu corpo sabe como cuidar de seu bebê.À medida que ele cresce, o leite vai se modificando para se adequar ao seu tamanho e você vai sempre produzir a quantidade necessária.;105
saude;A;gestação;37;42;Seu bebê já pode ouvir, ver e chupar. Ele fica confortável e quentinho dentro de você. Está pronto para nascer e será capaz de alimentar-se imediatamente depois do parto.;106
saude;A;gestação;37;42;Seu bebê pode sentir frio. Mantenha-o seco e o coloque em contato com seu peito nu debaixo de um cobertor para ajudar a mantê-lo aquecido.;107
saude;A;gestação;37;42;Seu bebê precisa de sua atenção. Se observar dificuldades para respirar ou se alimentar, se está muito quente ou frio, ou não responder aos estímulos procure o médico.;108
saude;A;gestação;38;42;Seu bebê também está à espera do parto. Vocês devem fazer isso juntos! Certifique-se de que você tem tudo pronto.;109
saude;A;gestação;38;42;O sangramento após o parto assemelha-se a uma menstruação forte, então esteja preparada. Deixe seu bebê mamar logo após o nascimento. Isso ajuda a diminuir o sangramento.;110
saude;A;gestação;38;42;Volte para a clínica se o sangramento após o parto for intenso, se tiver cheiro ruim, se existirem coágulos de sangue ou tiver sensação de desmaio.;111
desenvolvimento;A;gestação;39;42;Se o seu bebê ainda não chegou, na próxima semana vá ao médico. Certifique-se de que você pode chegar na maternidade quando o parto iniciar.;112
desenvolvimento;A;gestação;39;42;Contrações regulares e fortes são sinais de trabalho de parto. Se você senti-las, vá para a clínica, sem demora.;113
saude;A;gestação;39;42;Quando seu bebê nascer, você pode ter ajuda da equipe da maternidade. Fale com o seu médico sobre qualquer questão. Tire suas dúvidas.;114
desenvolvimento;A;Nascido;0;3;Parabéns, seu bebê chegou! A amamentação será o melhor alimento para ele e deverá ser o único até os 6 meses. Se ele não consegue se alimentar adequadamente ou tem alguma dificuldade para respirar procure o médico.;301
saude;A;Nascido;0;3;Logo que ele nascer, segure o bebê recém-nascido perto de você e deixe-o mamar imediatamente. Se achar que ele está muito quente, frio ou com uma cor azulada, chame o médico.;302
saude;A;Nascido;0;3;Mantenha o cordão sempre bem limpo e seco para evitar infecções. Limpe com esponja e água limpa. Deixe-o descoberto. Se estiver vermelho ou com mau cheiro, procure o médico.;303
saude;A;Nascido;0;4;Mantenha seu bebê calmo e de um jeito acolhedor. Se os seus olhos estão amarelados, alimente-o com mais frequência. Se o amarelado persistir após uma semana, volte ao médico;304
desenvolvimento;A;Nascido;0;4;Alimente o bebê com frequência. Ele precisa se encaixar em sua mama para conseguir o leite. Você verá a mandíbula dele se movendo e vai ouvi-lo engolir.;305
saude;A;Nascido;0;4;Leve o bebê ao médico se ele não parar de chorar, se tiver pontos inchados ou macios na cabeça ou se não estiver mamando bem.;306
saude;A;Nascido;0;5;Algum sangramento após o parto é normal. Seu útero está contraindo. Se o sangramento tornar-se intenso ou com coágulos, procure seu médico para avaliar.;307
saude;A;Nascido;0;5;Fique atenta a sinais de infecção. Se a sua barriga dói, ou você tem febre, procure seu médico.;308
desenvolvimento;A;Nascido;0;5;Você anda irritada e às vezes, triste? Isso é comum entre as novas mães. Converse com alguém, descanse e alimente-se bem.;309
desenvolvimento;A;Nascido;0;6;O leite materno faz seu bebê crescer forte e saudável. Você deve alimentá-lo várias vezes ao dia e durante a noite. Não dê água ou qualquer outro alimento.;310
desenvolvimento;A;Nascido;0;6;Um bebê bem alimentado ficará com a barriga cheia e um sorriso sonolento! Ele cresce e por isso irá se alimentar mais. Isso vai aumentar a sua produção de leite.;311
saude;A;Nascido;0;6;Quanto mais tempo seu bebê mamar, mais rico seu leite vai ficar. Ele pode até vir a adormecer em seu peito. Descanse um pouco enquanto o bebê mama.;312
saude;A;Nascido;1;7;Seu bebê vai olhar em seus olhos. Converse com ele. Se o bebê não fixar a visão dele em você ou parecer sem resposta, leve-o para o médico fazer exames.;313
saude;A;Nascido;1;7;Se você troca 6 a 8 fraldas por dia, seu bebê está se alimentando o suficiente. Se não, procure alimentá-lo mais vezes.;314
saude;A;Nascido;1;7;Após ter amamentado, seus seios parecem mais leves e vazios. Deixe seu bebê mamar a vontade. Quando estiver satisfeito, ele irá indicar que esta satisfeito.;315
desenvolvimento;A;Nascido;2;8;Converse e brinque com seu bebê, dê um grande sorriso ou acaricie-o com o nariz. Veja ele copiar você. Para ele você está no centro do mundo!;316
seguranca;A;Nascido;2;8;As vacinas protegem o bebê contra doenças graves que podem matar. Esta semana seu bebê precisa tomar vacinas. Leve-o para vacinar.;317
saude;A;Nascido;2;8;Você deve estar se sentindo mais recuperada agora. Se ainda estiver sangrando, descanse um pouco. Se o sangramento cheira forte ou doi, vá ao médico.;318
desenvolvimento;A;Nascido;3;9;Quando você tira seu bebê do berço, vai notar que ele está ficando mais pesado. Ótimo sinal! O seu leite está ajudando-o a crescer.;319
Financas;A;Nascido;3;9;Você pode ajudar a retardar uma nova gravidez dando a seu bebê apenas leite materno durante os primeiros seis meses. Peça orientação ao seu médico.;320
saude;A;Nascido;3;9;Observe diariamente a respiração do bebê. Se for rápida e superficial, ele pode estar doente e precisar de tratamento.;321
desenvolvimento;A;Nascido;4;10;Quando você conversar com seu bebê, ele vai ficar quieto e ouvir, em seguida, balançará os braços e as pernas. É a sua maneira de falar com você!;322
saude;A;Nascido;4;10;Observe se seu bebê parece frio ao toque. Se ele ficar inativo, pálido ou não se alimentar bem, agasalhe-o com um cobertor e chapéu e vá ao médico.;323
desenvolvimento;A;Nascido;4;10;Um bebê saudável é curioso, ganha peso e vira-se para os sons. Se você acha que seu bebê não reage assim a estímulos, procure o médico.;324
seguranca;A;Nascido;5;11;Não deixe seu bebê no chão. Coloque-o de barriga para baixo em um lençol ou pano limpo para brincar. Agora ele já pode levantar a cabeça e os músculos do pescoço estão mais fortes.;325
seguranca;A;Nascido;5;11;Fezes têm germes que causam muitas doenças. Procure se desfazer das fezes do bebê de forma segura e depois lave bem as mãos com sabão.;326
saude;A;Nascido;5;11;Bebês amamentados não precisam de água. O leite materno tem toda a água que seu bebê precisa.;327
saude;A;Nascido;6;12;Seu bebê está com 2 meses de idade. Mãe, seu precioso leite irá ajudá-lo a ganhar quase um quilo neste mês! Mantenha o aleitamento materno. Seu bebê não precisa de mais nada.;328
saude;A;Nascido;6;12;Se as fezes do seu bebê de repente ficaram soltas e líquidas, continue amamentando ele, mas leve-o ao médico. Depois que ele se recuperar, dê mamadas extras.;329
saude;A;Nascido;6;12;Seu bebê vai precisar tomar outras vacinas que vão deixá-lo protegido contra várias doenças. Mantenha sua carteira de vacinação em dia.;330
saude;A;Nascido;7;13;Depois do nascimento de seu bebê, tomar comprimidos de ferro e ácido fólico podem ajudar na sua recuperação. Peça orientação ao seu médico.;331
seguranca;A;Nascido;7;13;O consumo de álcool pode reduzir a quantidade de leite materno. Evite tomar bebidas alcoólicas enquanto você amamenta.;332
saude;A;Nascido;7;13;Comer bem faz você forte. Tente comer um pouco mais em cada refeição. Certifique-se de ter abundância de carne, lentilhas, ervilhas e feijões.;333
seguranca;A;Nascido;8;14;Bebê chorando? Pode ser fome. Procure amamentá-lo.;334
seguranca;A;Nascido;8;14;É importante acompanhar a respiração do seu bebê. Se for rápida e superficial, ele pode estar doente e precisar de tratamento.;335
saude;A;Nascido;8;14;Bebês normalmente choram bastante. Porém, se o seu bebê está chorando sem parar, ou chora de maneira estranha, pode estar doente. Leve-o ao médico.;336
desenvolvimento;A;Nascido;9;15;Seu bebê adora o som da sua voz. Cante e fale com ele. Olhe nos olhos de seu bebê e sorria. Ele vai sorrir de volta.;337
saude;A;Nascido;9;15;Febre, tremores e respiração rápida são sinais de doença. Caso seu bebê tiver esses sintomas, leve-o ao médico. Só o médico poderá indicar o tratamento correto.;338
saude;A;Nascido;9;15;Você vai sentir seus seios mais leves. Não se preocupe, ainda tem muito leite. Seu corpo agora sabe exatamente quanto leite seu bebê precisa.;339
desenvolvimento;A;Nascido;10;16;Seu bebê fica mais tempo acordado durante o dia. Ótimo, você terá mais tempo para brincar com ele.;340
seguranca;A;Nascido;10;16;Você pode tirar o seu leite e guardá-lo por até seis horas na geladeira. Faça isso se precisar ir a um compromisso e, assim, alguém poderá dar o leite com colher para seu bebê.;341
saude;A;Nascido;10;16;Você se sente triste em alguns momentos? Fale com o seu médico sobre o isso. Peça ajuda a sua família para que você possa descansar um pouco. Coma bem.;342
desenvolvimento;A;Nascido;11;17;Seu bebê adora ouvir sua voz. Cante uma canção de ninar ou conte uma história na hora de dormir. O papai pode participar também.;343
seguranca;A;Nascido;11;17;Não esqueça de vacinar seu bebê. Mantenha a carteira de vacinação sempre atualizada e lembre-se de levá-la às consultas regulares.;344
seguranca;A;Nascido;11;17;verificar aqui a necessidade do inseticida. isto é indicado para regioes endemicas de malaria. Verificar se é adequado para a dengue. um pediatra deve opinar.;345
desenvolvimento;A;Nascido;12;18;Seu bebe já percebe as coisas em sua volta. Dê a ele brinquedos de cores e formatos diferentes para que possa olhar e tocar.;346
seguranca;A;Nascido;12;18;Você deve pedir para toda a sua família lavar bem as mãos. Prepare e facilite a lavagem deixando sabonete e água perto de onde você prepara alimentos.;347
saude;A;Nascido;12;18;Caso seu bebê esteja com diarreia, continue amamentando ele. Se a diarreia permanecer mais de um dia ou for muito intensa, vá ao médico.;348
desenvolvimento;A;Nascido;13;19;Agora seu bebê consegue enxergar mais claramente. Ele pode ver as suas roupas, olhos, rosto e cabelo e tentar agarrá-los! Se os olhos tiverem sinal de infecção, vá ao médico.;349
seguranca;A;Nascido;13;19;Abra as janelas quando cozinhar para manter sua casa arejada e saudável. A fumaça da cozinha pode fazer mal para seu bebê.;350
saude;A;Nascido;13;19;O seu corpo é capaz de produzir a quantidade de leite que seu bebê precisa. Alimente-o apenas com seu leite sempre que ele quiser. Ele não precisa de mais nada.;351
desenvolvimento;A;Nascido;14;20;Procure manter uma rotina de sono. O bebê vai se acostumar a essa rotina e você poderá se programar melhor seu dia a dia.;352
seguranca;A;Nascido;14;20;Coloque seu bebê para dormir de costas. É o melhor jeito para ele ficar em segurança durante a noite.;353
seguranca;A;Nascido;14;20;Os mosquitos são atraídos por cores escuras. Vista seu bebê com roupas claras e coloque um mosquiteiro sobre a sua cama.;354
saude;A;Nascido;15;21;Se seu bebê ficar resfriado, o leite materno o irá ajudar a se recuperar. Tente amamentar sentada, pois isso ajudará o bebê se ele estiver com o nariz entupido.;355
saude;A;Nascido;15;21;Bebês ficam resfriados facilmente. Não dê remédios. Peça orientação a seu médico sobre quais medicamentos podem ser dados e quais são prejudiciais ao bebê.;356
desenvolvimento;A;Nascido;15;21;Estão aparecendo os dentinhos? Se ele quer chupar o dedo, limpe-o. ajude-o a aliviar o incômodo do dente novo. Limpe qualquer baba do queixo com pano macio e limpo.;357
desenvolvimento;A;Nascido;16;22;Seu bebê está fazendo alguns sons. Ele está tentando falar. Ajude-o conversando com ele durante o dia.;358
saude;A;Nascido;16;22;Bebês pouco ativos, febris, produzindo sons estranhos ou com cor azulada estão doentes. Se o seu bebê apresenta esses sinais, leve-o para a clínica rapidamente.;359
desenvolvimento;A;Nascido;16;22;Seu bebê parece sempre brincalhão, alimenta-se e dorme bem? Esses são sinais de que ele está saudável! Leve-o para a clínica se ele estiver indiferente, apático ou não se alimentando.;360
seguranca;A;Nascido;17;23;A pele do bebê mostra-se muito sensível ao sol. Procure sempre protegê-lo com um chapéu e um lençol de algodão em dias de sol.;361
seguranca;A;Nascido;17;23;Mantenha seu bebê longe da fumaça, do fogo e de cigarros, pois fica difícil para ele respirar.;362
seguranca;A;Nascido;17;23;Faça a sua casa segura para seu bebê. Verifique se não há pequenos objetos no chão e mantenha qualquer peça cortantes fora do alcance.;363
desenvolvimento;A;Nascido;18;24;Os bebês gostam de rir. Tente fazer o seu bebê rir, brincando com ele e fazendo caretas engraçadas. A reação dele será importante sinal de que está se desenvolvendo bem.;364
Financas;A;Nascido;18;24;Você pode estar pensando em ter outro bebê, mas uma pausa de 2 anos vai lhe dar um bebê mais saudável. Fale com o seu profissional de saúde sobre a contracepção.;365
saude;A;Nascido;18;24;Você precisa de ferro para ficar forte e saudável. Tente comer legumes, vegetais de folhas verdes ou carne todos os dias. Esses alimentos contêm bastante ferro.;366
desenvolvimento;A;Nascido;19;25;Primeiro dente do seu bebê virá em breve. Ele pode gostar se você esfregar as gengivas doloridas com o dedo limpo.;367
desenvolvimento;A;Nascido;19;25;Se o seu bebê tenta morder o seio, puxe-o delicadamente para perto de você. O peito cobrirá o nariz e ele reduzirá a mordedura.;368
desenvolvimento;A;Nascido;19;25;Seu bebê ainda precisa somente de leite materno. Não fique tentada a lhe dar quaisquer outros alimentos ou líquidos até que ele alcance seis meses de idade.;369
desenvolvimento;A;Nascido;20;26;Brinque de esconde-esconde (ora...achou) com seu bebê hoje. Ele vai adorar. Ele está aprendendo como um objeto ainda poderia estar lá, mesmo que ele desapareça.;370
seguranca;A;Nascido;20;26;Colocar o bebê para dormir em travesseiros pode ser perigoso. Ele pode deslizar e se sufocar. Ele não precisa de travesseiro ainda.;371
saude;A;Nascido;20;26;Sua menstruação pode retornar em breve. Fale com o seu profissional de saúde sobre a contracepção. Para sua saúde e de seus bebês, retarde uma nova gestação;372
desenvolvimento;A;Nascido;21;27;A partir de agora o bebê vai começar a reconhecer seu próprio nome. Observe e vai vê-lo procurar você quando chamá-lo pelo nome.;373
saude;A;Nascido;21;27;Aleitamento materno: melhor alimento que você pode fazer para o seu bebê. Em poucas semanas, ele estará pronto para experimentar alguns outros alimentos e água, mas não ainda.;374
saude;A;Nascido;21;27;Seus mamilos estão rachados ou rosados e doem? Pode ser uma infecção por fungos. Procure a clínica com o bebê. Vocês dois podem precisar de tratamento.;375
seguranca;A;Nascido;22;28;Coloque seu bebê em um cobertor no chão para brincar e mantê-lo longe de sujeira e germes. Certifique-se de que ele não alcance coisas que possam prejudicá-lo.;376
saude;A;Nascido;22;28;Esteja atento a sinais de doença. Se o seu bebê vomita mais de 5 vezes durante um dia, vá para a clínica. Dê-lhe mamadas extras.;377
seguranca;A;Nascido;22;28;Os germes podem causar infecções. Você ajuda a impedi-las lavando as mãos com água e sabonete após trocar fraldas.;378
desenvolvimento;A;Nascido;23;29;Lenta, mas de forma segura, seu bebê está se tornando mais independente. Ele já pode rolar. Antes que você perceba, ele estará engatinhando e andando!;379
saude;A;Nascido;23;29;verificar esta orientacao com um pediatra.;380
saude;A;Nascido;23;29;Seu leite ainda representa a principal fonte de alimento para seu bebê, mesmo depois que ele começa a comer alimentos amassados. Mantenha o aleitamento, que o protege de doenças.;381
desenvolvimento;A;Nascido;24;30;Agora seu bebê está com 6 meses. Ele pode ingerir alguns alimentos amassados. Dê-lhe polpas de frutas, legumes ou mingaus 2-3 vezes por dia.;382
seguranca;A;Nascido;24;30;As fezes do bebê contém germes que podem fazer-lhe mal. Elimine-as na privada para manter seu bebê mais seguro.;383
desenvolvimento;A;Nascido;24;30;Seu bebê pode se apegar a um brinquedo, cobertor ou mesmo a um pedaço de pano. Isso o conforta e o ajuda a se tornar mais independente.;384
seguranca;A;Nascido;25;31;Organize um local para higiene das mãos com água e sabonete próximo de onde você prepara os alimentos. Lave sempre as mãos antes de manipular a comida.;385
seguranca;A;Nascido;25;31;Proteja seu bebê da diarreia. Certifique-se sempre se você está comendo alimentos bem cozidos e frescos. Além do leite, dê-lhe apenas água limpa, filtrada e segura.;386
saude;A;Nascido;25;31;Feijão, lentilhas e ovos são agora grande fonte de energia para o seu bebê. Amasse-os com outros legumes e ofereça 2-3 vezes ao dia.;387
desenvolvimento;A;Nascido;26;32;Seu bebê pode segurar bem os brinquedos agora e consegue passá-los de uma mão para a mão. Ele também pode aprender a bater palmas!;388
saude;A;Nascido;26;32;A dentição pode ser dolorosa. Massageie com um dedo limpo sobre as gengivas para atenuar a dor. Coloque um pouquinho de creme em seu queixo para protegê-lo da baba.;389
saude;A;Nascido;26;32;Com um bebê para cuidar, é fácil esquecer-se de si mesmo. Comer bem e fazer algum exercício suave todos os dias irá manter você mais saudável.;390
desenvolvimento;A;Nascido;27;33;Seu bebê agora começa a entender quando você está feliz ou triste. Se você está triste, ele pode ficar triste também. Se você está rindo, ele pode participar.;391
desenvolvimento;A;Nascido;27;33;"Seu bebê vai ter dentes em breve. Se ele morde quando mama, tire-o do peito e diga ""não"", mas nunca deixe de alimentá-lo com o seu leite.";392
seguranca;A;Nascido;27;33;Como mãe, você saberá quando algo está errado com seu bebê. Confie na sua intuição e procure o médico para esclarecimentos.;393
seguranca;A;Nascido;28;34;Seu bebê agora se movimenta mais. Limpe sempre o local onde ele brinca com água e sabão - isso irá protegê-lo de germes.;394
saude;A;Nascido;28;34;Sua menstruação pode retornar em breve. Fale com o seu médico sobre a contracepção. Retarde mais a próxima gestação. Isso fará bem para sua saúde e de seus filhos.;395
Financas;A;Nascido;28;34;Sua família pode querer que você tenha um outro bebê. Explique que seu próximo bebê será mais saudável se tiver um intervalo de pelo menos 2 anos.;396
seguranca;A;Nascido;29;35;Seu bebê pode adorar brincar com animais, mas quase sempre eles estão sujos. Se ele acaricia qualquer animal, lave suas mãos com água e sabonete depois.;397
seguranca;A;Nascido;29;35;Você pode proteger o bebê de germes no chão usando um cobertor e/ou lençol limpo. Isso lhe dará uma área limpa para brincar e engatinhar.;398
saude;A;Nascido;29;35;Um bebê mudará seu relacionamento com seu parceiro. Reserve um tempo para ficar próximo dele.;399
saude;A;Nascido;30;36;Caso o bebê esteja com diarreia, amamente-o depois de cada evacuação. Quando melhorar, dê-lhe uma mamada extra por dia, durante duas semanas.;400
saude;A;Nascido;30;36;Seu bebê é precioso demais para passar por riscos. Se ele adoecer, procure o médico para um bom atendimento. Não espere. Bebês podem ficar doentes muito rapidamente.;401
seguranca;A;Nascido;30;36;Deixar seu bebê com alguém pode ser difícil. Porém, você conseguirá ter um tempinho para você mesma e essa distância vai ajudá-lo na socialização.;402
desenvolvimento;A;Nascido;31;37;Ao começar a engatinhar e a tentar ficar em pé, seu bebê pode sofrer algumas quedas e chorar! Um beijinho e um abraço carinhoso o colocarão novamente na ativa.;403
seguranca;A;Nascido;31;37;Seu bebê pode agora se movimentar e pegar as coisas. Mantenha o chão livre de objetos pequenos. Seu bebê pode engoli-los por engano.;404
seguranca;A;Nascido;31;37;Você pode manter seu bebê seguro em casa. Cubra os recipientes de água com tampa (como a privada, por exemplo) e guarde objetos pontiagudos bem fora de seu alcance.;405
desenvolvimento;A;Nascido;32;38;O bebê irá explorar diferentes objetos sacudindo, batendo e jogando-os. Aviso: são brincadeiras barulhentas!;406
seguranca;A;Nascido;32;38;Antes de beber água ou usá-lo para cozinhar, ferva-a para esterilizá-la. Isso vai matar os germes, mantendo seu bebê seguro e saudável.;407
saude;A;Nascido;32;38;Agora você já pode alimentar o bebê 3-4 vezes ao dia. Tente esmagar batata com carne, ovos, peixe ou feijão. Mas mantenha o aleitamento materno!;408
desenvolvimento;A;Nascido;33;39;Disciplinar o bebê pode ser difícil, mas às vezes é necessário. Seja firme, entretanto não grite com ele. Coloque-o em um local onde ele possa se acalmar.;409
saude;A;Nascido;33;39;Dor no peito e tosse que dura mais de três semanas podem ser sinais de tuberculose. Você pode proteger o bebê, procurando seu médico.;410
saude;A;Nascido;33;39;Se o bebê não foi vacinado contra a tuberculose (TB) ao nascer, certifique-se que seja feito isso agora. TB pode matar. Peça aos familiares para também fazer avaliação para a tuberculose.;411
desenvolvimento;A;Nascido;34;40;Seu bebê já deve estar sentando com confiança agora. Ele pode até tentar se levantar, pronto para ficar em pé. Se ele não estiver, procure o médico para avaliar.;412
saude;A;Nascido;34;40;Se seu bebê não está bem, tem uma erupção cutânea ou febre, leve-o ao médico imediatamente. A equipe clínica pode ajudá-la.;413
saude;A;Nascido;34;40;Se um animal morder ou arranhar seu bebê, leve-o ao médico para avaliação. A equipe clínica poderá ajudar a prevenir infecções.;414
saude;A;Nascido;35;41;Colocar o bebê para dormir no mesmo horário todos os dias, vai ajudá-lo a repousar melhor. Acalmá-lo cantando uma canção de ninar ou contando uma história pode ser ideal.;415
saude;A;Nascido;35;41;Ajude seu bebê a adormecer sozinho. Não o balance para dormir. Coloque-o para dormir quando ele estiver com sono. Se ele acordar, não o retire do berço imediatamente. Fique tranquila.;416
desenvolvimento;A;Nascido;35;41;Sentindo-se cansada? Descanse quando o bebê cochilar, beba bastante água filtrada e certifique-se de comer bem. Peça à sua família para ajudar nos cuidados com o bebê.;417
desenvolvimento;A;Nascido;36;42;O balbuciar do bebê começa a soar como palavras agora. Continue falando com seu bebê para que ele possa aprender mais.;418
saude;A;Nascido;36;42;É hora de seu bebê tomar a vacina contra o sarampo. Leve-o à clínica para a vacinação.;419
desenvolvimento;A;Nascido;36;42;Se seu bebê fica em pé segurando nos móveis, possivelmente está tentando andar. Encoraje-o segurando suas mãos enquanto anda.;420
desenvolvimento;A;Nascido;37;43;Muitos bebês começam a rastejar nessa idade, mas alguns nunca engatinham e caminham direto. Ambos são normais. Certifique-se de que ele esteja em segurança nessa exploração do ambiente.;421
seguranca;A;Nascido;37;43;Manter animais fora da cozinha significa menos germes. Afaste-os e lave suas mãos antes de cozinhar para se manter saudável.;422
saude;A;Nascido;37;43;Seu parceiro pode se sentir excluído. Sugira que ele dê banho no bebê. Isso irá ajudá-lo a estabelecer vinculo com o bebê. Ele também vai se divertir!;423
educacao;A;Nascido;38;44;Seu bebê está começando a entender palavras simples. Continue falando com ele e encorajando-o a falar. Em breve será capaz de responder a você!;424
saude;A;Nascido;38;44;Soro de rehidratação oral feito com água filtrada é vital quando o bebê está com diarreia. O soro não vai curá-lo, mas vai repor a água que ele está perdendo.;425
saude;A;Nascido;38;44;Proteja seu bebê da desidratação, dando-lhe muita água potável filtrada. Em dias quentes mantenha-o dentro de casa e vista-o com roupas de algodão, leves e soltas.;426
saude;A;Nascido;39;45;Se o bebê está resfriado, com febre, puxa ou toca sua orelha? Ele pode ter uma infecção no ouvido. Não coloque nada no ouvido e leve-o para o médico.;427
saude;A;Nascido;39;45;Agora você pode alimentar o bebê 3-4 vezes por dia. Tente esmagar batata com carne, peixe ou feijão e dar frutos ou ovos. Mantenha o aleitamento materno!;428
saude;A;Nascido;39;45;Provavelmente seu bebê mantém você acordada à noite. Tente dormir um pouco quando ele dorme. Você vai se sentir melhor.;429
saude;A;Nascido;40;46;Caso seu bebê estiver com o corpo quente, mostrar-se irritado, alimentando-se mal, ela pode estar com febre. Leve-o para a clínica.;430
saude;A;Nascido;40;46;Se a testa, o peito ou as costas do seu bebê estiverem quentes, banhe-o em água fria. Dê-lhe leite materno à vontade ou água fervida.;431
saude;A;Nascido;40;46;Se seu bebê tem febre por mais de um dia, leve-o ao médico. Não aguarde.;432
educacao;A;Nascido;41;47;Seu bebê agora entende instruções simples. Isso não significa que ele vai obedecer! Ele está explorando a sua própria independência.;433
saude;A;Nascido;41;47;Se o bebê se cortar, lave bem a ferida para evitar infecção. Em seguida, esfregue um pouco de creme antisséptico. Talvez você possa obter creme antisséptico na clínica ou no posto de saúde.;434
saude;A;Nascido;41;47;Se os olhos de seu bebê estão pegajosos ou na cor rosa, ele pode ter uma infecção ocular. Banhe os olhos em água limpa e fresca e procure o médico.;435
seguranca;A;Nascido;42;48;Lave bem as frutas e vegetais para remover toda a sujeira e germes. Use água fervida e lave-os assim antes de oferecê-los para o seu bebê.;436
educacao;A;Nascido;42;48;Se seu filho se recusa a comer, tenha paciência. Não o force. Não lhe dê batatas fritas e biscoitos. Ofereça-lhe alimentos de cores, sabores e texturas diferentes.;437
saude;A;Nascido;42;48;Alimentos estragados podem causar diarreia e outras doenças. Compre sempre alimentos frescos.;438
saude;A;Nascido;43;49;Novos alimentos podem endurecer as fezes do bebê. Dê polpas de frutas amassadas e água fervida em um copo. Não use mamadeiras. Amamente sempre que ele desejar..;439
saude;A;Nascido;43;49;Mesmo que seu bebê esteja comendo alimentos sólidos, o leite materno ainda é parte importante de sua alimentação. Mantenha o aleitamento materno até os 2 anos de idade.;440
saude;A;Nascido;43;49;Diarreia provoca muita perda de líquidos. Amamente-o tanto quanto ele desejar. Quando ele estiver melhor, ofereça uma refeição extra todos os dias durante duas semanas.;441
educacao;A;Nascido;44;50;Seu bebê agora engatinha e se arrasta por toda parte. É natural que ele se machuque um pouco. Proteja-o para evitar traumas maiores.;442
seguranca;A;Nascido;44;50;Mantenha a sua casa segura para o seu bebê agora que ele engatinha. Retire todos os baldes de água, objetos pequenos ou cortantes, detergentes ou medicamentos do seu alcance.;443
saude;A;Nascido;44;50;O bebê pode demorar para se  adaptar aos novos alimentos. Várias tentativas serão necessárias. Introduza um de cada vez, para que você saiba se algo perturba a sua saúde.;444
educacao;A;Nascido;45;51;Agora seu bebê lembra melhor das coisas. Brinque de ora-achou, invente outras brincadeiras e veja o quão rápido ele aprende.;445
saude;A;Nascido;45;51;Quando o bebê não está se sentindo bem, membros de sua família e da comunidade podem sugerir tratamentos. Mas não dê nada para seu bebê antes de verificar com o médico.;446
saude;A;Nascido;45;51;Ofereça novos alimentos para o bebê de vez em quando. Se ele recusar, estimule-o tentando diferentes combinações de alimentos, texturas e sabores.;447
educacao;A;Nascido;46;52;Seu bebê pode ser capaz de se alimentar usando os dedos. Certifique-se de que suas mãos estejam limpas. Ele pode parecer atrapalhado, mas tente deixá-lo fazer isso sozinho.;448
seguranca;A;Nascido;46;52;Às vezes ser mãe mostra ser bem difícil. Divida suas dificuldades com sua mãe, amigos ou uma pessoa mais idosa. Não tenha medo de pedir ajuda.;449
educacao;A;Nascido;46;52;Desejos e necessidades do bebê em explorar o ambiente são mais fortes que sua disposição de ouvir agora advertências suas. Fique atenta para mantê-lo sempre seguro.;450
educacao;A;Nascido;47;53;Seu bebê pode ficar com medo quando você deixá-lo sozinho. Diga adeus rapidamente, com um beijo. Ele se acalmará depois de você ter ido.;451
saude;A;Nascido;47;53;Durante o próximo ano, seu bebê vai precisar de mais algumas vacinas. Fique em contato com seu profissional de saúde para saber quando retornar para a clínica.;452
seguranca;A;Nascido;47;53;Alguns vermes são apanhados do chão e podem causar doenças. Meias grossas ou sapatos vão ajudar a proteger seu bebê quando ele brinca fora de casa.;453
saude;A;Nascido;48;54;Há muitas maneiras de evitar ficar grávida tão cedo. Fale com o seu profissional de saúde para saber mais.;454
saude;A;Nascido;48;54;Mantenha a amamentação no peito. O bebê ainda precisa do seu leite por pelo menos mais um ano, pois permanece oferecendo muitos benefícios.;455
desenvolvimento;A;Nascido;48;54;Seu bebê com quase um ano de idade é muito diferente do bebezinho a que você deu à luz. E tudo por causa de seu carinho. Isso é maravilhoso!;456
desenvolvimento;A;Nascido;49;55;Parabéns!!! Seu bebê completa um ano de vida. E você um ano de mãe!!!! Juntos, vocês fizeram um bom trabalho. Nós ficamos muito felizes em acompanhá-los.;457
saude;A;Nascido;49;55;Crianças que ingerem comida saudável vivem vidas mais longas, são mais saudáveis, felizes e vão melhor na escola. Certifique-se de dar a seu filho a comida que ela precisa.;458
saude;A;Nascido;49;55;Dê ao seu bebê o seu precioso leite materno por mais um ano. Isso o ajudará a ter força para lutar contra doenças, agora e no futuro.;459
educacao;A;Nascido;50;56;"Seu bebê pode agora dizer ""dada"", ""mama"", ""papa"" e algumas outras palavras. Ele pode usar palavras para indicar um monte de coisas!";460
saude;A;Nascido;50;56;Alimente seu filho com a comida que você oferece a todos de sua família. Assegure-se que os alimentos estejam amassados e macios. Dê 3-4 refeições por dia, com lanches nos intervalos também.;461
saude;A;Nascido;50;56;Alimente o bebê com 3-4 tipos de alimentos nutritivos, como mingau grosso, legumes ou feijão amassados com um pouco de manteiga. Pão e frutas são bons petiscos.;462
educacao;A;Nascido;51;57;"Seu filho já pode dizer o que ele quer. Quando ele quer descer, ele vai apontar; quando ela quer sua atenção, ela vai puxar a sua saia.";463
seguranca;A;Nascido;51;57;É comum as crianças pegarem vermes do chão. O médico pode lhe oferecer orientações para evitar doenças e tratar as verminoses.;464
seguranca;A;Nascido;51;57;Evite que seu filho adquira vermes do chão vestindo-o com meias grossas e sapatos quando ele brinca fora de casa e proteja a área com um tapetinho ou cobertor.;465
educacao;A;Nascido;52;58;Mantenha suas mãos juntas e deixe seu filho separá-las. É uma boa brincadeira para ele! Observe como está ficando mais forte à medida que seus músculos crescem.;466
saude;A;Nascido;52;58;Alimente seu filho com diferentes legumes, carnes e laticínios. Seu filho precisa de grande variedade de alimentos para crescer bem.;467
saude;A;Nascido;52;58;Alimente seu filho com 3-4 punhados de diferentes tipos de alimentos em cada refeição. Legumes, carne e um pouco de óleo na forma de mingau é muito saboroso para ele.;468
educacao;A;Nascido;53;59;Tente interagir com seu filho constantemente. Isso irá ajudá-lo a aprender a falar, o fará muito feliz! Oriente também os demais cuidadores a fazer o mesmo.;469
saude;A;Nascido;53;59;Seu filho está com o nariz entupido? Coloque um pano no nariz e bloqueie uma narina com o dedo. Peça-lhe para soprar.;470
saude;A;Nascido;53;59;Seu filho está com dor de garganta? Alimente-o com comida macia e tente oferecer seus alimentos favoritos. Isso pode incentivá-lo a comer.;471
desenvolvimento;A;Nascido;54;60;Seu filho em breve dará os primeiros passos, se já estiver caminhando. As crianças são diferentes e têm seu próprio ritmo.;472
saude;A;Nascido;54;60;Tente alimentar seu filho e sua família com alimentos frescos, de boa aparência e que cheirem bem. Comer comida estragada pode causar infecções, como a diarreia.;473
seguranca;A;Nascido;54;60;Mantenha animais fora da cozinha para evitar a presença de germes na alimentação. Afaste-os e lave as mãos antes de cozinhar para se manter saudável.;474
saude;A;Nascido;55;61;Alimente seu filho com pequenos lanches 1-2 vezes ao dia, entre as refeições. Frutas, iogurte, pães, bolachas e biscoitos integrais são boas opções.;475
saude;A;Nascido;55;61;É melhor esperar pelo menos mais um ano antes de tentar ter outro bebê. Use esse tempo para desfrutar a criança que você já tem.;476
Financas;A;Nascido;55;61;Você pode adiar a próxima gravidez usando métodos de planejamento familiar. Existem muitos disponíveis. Discuta essas opções com um profissional de saúde.;477
seguranca;A;Nascido;56;62;Seu filho usa as mãos com mais desenvoltura. Não se surpreenda se ele esfrega lama ou poeira nas paredes! Na verdade está testando suas novas habilidades.;478
saude;A;Nascido;56;62;Se seu filho não estiver bem, dê-lhe o seu precioso leite materno. A amamentação ao peito vai lhe dar força para lutar contra as doenças, promoverá mais segurança e conforto.;479
saude;A;Nascido;56;62;Após alguma doença, dê a seu filho uma refeição extra por dia, durante as próximas duas semanas. Continue até que ela recupere o peso perdido.;480
seguranca;A;Nascido;57;63;"Os bebês gostam de subir nas coisas. Segure os braçinhos de seu filho e o ajude a passar por cima de almofadas ou cobertores para que ele possa ""escalar"" com segurança.";481
desenvolvimento;A;Nascido;57;63;Leve seu filho ao médico regularmente para verificar se está crescendo e se desenvolvendo bem. O profissional de saúde irá responder às perguntas que você possa ter sobre a alimentação.;482
desenvolvimento;A;Nascido;57;63;Meça o braço de seu filho todos os meses com um barbante. Se o braço cresce, então ele está crescendo bem. Se não, dê-lhe mais comida e converse com o médico.;483
desenvolvimento;A;Nascido;58;64;Seu filho ainda acorda você durante a noite? Coloque-o de volta para dormir com uma canção de ninar. Isso vai confortá-lo.;484
seguranca;A;Nascido;58;64;Filtre e ferva a água antes de oferecer para beber. Mantenha a água fervida em recipientes limpos e os conserve cobertos. Retire a água com conchas e colheres limpas.;485
seguranca;A;Nascido;58;64;Use uma tigela exclusiva para a comida de seu filho. Após o uso, lave-a imediatamente com água quente e sabão. Isso irá prevenir infecções.;486
saude;A;Nascido;59;65;Continue amamentando seu filho, especialmente à noite. O leite materno oferece muitos nutrientes e ajuda a desenvolver o cérebro e o estômago dele!;487
seguranca;A;Nascido;59;65;Fezes de seu filho possui germes que podem fazer mal a ele. Descarte as fezes em uma privada e lave sempre as duas mãos depois.;488
seguranca;A;Nascido;59;65;Banheiros e fezes são locais preferenciais de germes. Tente manter os banheiros e privadas sempre limpas. Isso vai evitar que os germes proliferem na sua casa.;489
desenvolvimento;A;Nascido;60;66;Seu filho já é capaz de acenar um tchauzinho. Primeiro, ele vai copiar você, mas logo reconhecerá a palavra 'tchau' e acenará quando você diz isso.;490
Financas;A;Nascido;60;66;Reserve sempre algum dinheiro para idas de emergência para a clínica. Economize agora para que você não tenha que se preocupar em pagar o transporte na ocasião.;491
saude;A;Nascido;60;66;Febre, erupção cutânea, tremores ou respiração rápida são sinais de doença. Procure o médico ou a clinica. Se ele estiver molinho, pode ser uma emergência. Então vá rápido.;492
educacao;A;Nascido;61;67;Encha um pequeno frasco com arroz cru ou feijões secos. Coloque a tampa e deixe o seu filho agitá-lo. É uma brincadeira barulhenta, mas divertida!;493
saude;A;Nascido;61;67;Vegetais verdes, legumes e gemas de ovos são boas fontes de ferro. Sirva com frutas como laranja e abacaxi. Eles ajudam a absorver o ferro.;494
seguranca;A;Nascido;61;67;Organize locais de higienização perto de onde você prepara os alimentos e próximo ao banheiro, com sabão, sabonete e água . Isso irá ajudá-la a lavar regularmente as mãos.;495
educacao;A;Nascido;62;68;Ofereça colheres de pau para seu filho bater e brincar. Mostre-lhe como. Pode ser barulhento, mas vai ajudá-lo a desenvolver a pegada e a coordenação.;496
saude;A;Nascido;62;68;O gosto das crianças pequenas mudam muito. O que ela recusa agora, pode ser apreciado daqui a um mês! Então, vale a pena tentar novamente alimentos previamente recusados.;497
educacao;A;Nascido;62;68;Se ela come lentamente, reserve um bom tempo para sentar e conversar com a criança enquanto come. Comer é uma nova habilidade que ela tem de aprender. Seja paciente.;498
educacao;A;Nascido;63;69;"Seu filho morde? Ele não está sendo agressivo ou impertinente. Agache-se no nível dele e diga ""não"" com firmeza. Faça isso sempre que ele morder. Logo ele vai parar.";499
saude;A;Nascido;63;69;Mantenha seu filho longe de pessoa com tosse e espirros. Muitas doenças são espalhados pela tosse e espirros, incluindo pneumonia.;500
saude;A;Nascido;63;69;Leve seu filho precocemente ao médico para avaliações sempre que ele apresentar sinais de doença. Tosse e dificuldade para respirar indica que ele está doente.;501
educacao;A;Nascido;64;70;Logo o bebê conseguirá segurar um copo e beber. Dê-lhe um pouco de água em um copo. Ajude-o a virar o copo e beber a partir dele.;502
educacao;A;Nascido;64;70;Faça do momento da alimentação, tempo divertido. Mantenha contato visual, sorria e converse com seu filho durante as refeições. Vai ajudá-lo a comer e a aprender.;503
educacao;A;Nascido;64;70;Seu filho fica agitado e distraído enquanto come? Leve-o para um lugar tranquilo e delicadamente incentive-o a comer.;504
educacao;A;Nascido;65;71;Seu filho de 15 meses, entende muito do que você diz, mas ainda não consegue responder com palavras e frases. Encoraje-o a aprender falando com ele.;505
seguranca;A;Nascido;65;71;Dê a seu filho líquidos limpos e seguros. Filtre e ferva a água para torná-la limpa. Ferva leite animal antes de oferecer a seu filho.;506
seguranca;A;Nascido;65;71;Tente preparar água filtrada e fervida o suficiente para o dia todo de toda a sua família. Guarde em um recipiente limpo ou panela e cubra com um pano limpo.;507
educacao;A;Nascido;66;72;Esta semana conte a seu filho uma história para dormir. Invente, crie, relate historias de sua infância! Seu filho vai se divertir e ampliará seu vocabulário consolidando vínculos com você.;508
saude;A;Nascido;66;72;Tente oferecer novos alimentos para seu filho, com frequência. Tente misturar alimentos que ele gosta, com novos, como ervilhas e feijões amassados com manteiga ou óleo.;509
seguranca;A;Nascido;66;72;Em dias quentes, ofereça bastante água filtrada para evitar a desidratação. Ferva a água e depois resfrie antes de dar para seu filho.;510
educacao;A;Nascido;67;73;Seu filho já consegue entender a utilidade das coisas. Ele usará uma escova de cabelo para tentar se pentear e uma vassoura para tentar varrer o chão.;511
educacao;A;Nascido;67;73;Faça o momento da refeição ficar divertido. Ao alimentá-lo, nomeie os utensílios usados, alimentos, sabores e cores. Mostre como algumas coisas são grandes e outras, pequenas.;512
saude;A;Nascido;67;73;Meça o comprimento do braço de seu filho com um barbante. Marque a corda e meça novamente em um mês. Se ele não cresceu, reavalie a alimentação e converse sobre isso com o médico na próxima consulta.;513
educacao;A;Nascido;68;74;Qualquer coisa para as crianças pode se tornar um brinquedo! Apenas certifique-se de que esteja limpo, não deve ser pequeno o suficiente para sufocá-lo, nem ter arestas cortantes.;514
seguranca;A;Nascido;68;74;Você pode prevenir infecções lavando as mãos da criança antes que ela coma. Mãos sujas na boca podem causar diarreia.;515
educacao;A;Nascido;68;74;"Deixe o seu filho tocar e pegar a comida. Ele deve desfrutar dos momentos alimentares! Incentive-o com um sorriso e diga: ""Que demais! Muito bom "".";516
educacao;A;Nascido;69;75;Seu filho faz muitas vezes a mesma coisa? Ele treina pela repetição e sua memória ainda não está muito desenvolvida. Tente ser paciente - trata-se de uma fase!;517
saude;A;Nascido;69;75;As vacinas são uma das melhores invenções médicas de todos os tempos! Elas protegem seu filho de muitas doenças que podem ameaçar a vida dele.;518
saude;A;Nascido;69;75;"Deixe o seu filho tocar e pegar a comida. Ele deve desfrutar dos momentos alimentares! Incentive-o com um sorriso e diga: ""Que demais! Muito bom!"".";519
desenvolvimento;A;Nascido;70;76;Nas próximas semanas seu filho pode reduzir o número de sonecas durante o dia. Ofereça a ele um tempo em silêncio, um colinho carinhoso, um abraço, uma musica suave ou uma contação de história.;520
saude;A;Nascido;70;76;Certifique-se de que todos os alimentos que você oferece a seu filho está fresco. Se cheira ou parece diferente, pode ter estragado. Comida estragada pode causar a doença.;521
saude;A;Nascido;70;76;Frutas e vegetais devem ser bem lavados antes de serem oferecidos a seu filho, para remover a sujeira e germes.;522
saude;A;Nascido;71;77;Se seu filho se queixa de dor ao fazer cocô e suas fezes são secas, duras e pequenas, ele pode estar constipado. Dê-lhe bastante água, alimentos com fibras. Converse com seu médico.;523
saude;A;Nascido;71;77;Caso seu filho estiver constipado, ofereça muita água potável, suco de frutas frescas, feijão, lentilhas e legumes. Eles ajudam a suavizar suas fezes.;524
saude;A;Nascido;71;77;Se a prisão de ventre de seu filho não melhorar depois de alguns dias, leve-o à clínica médica para avaliação. Não lhe dê qualquer medicamento.;525
educacao;A;Nascido;72;78;Fale e cante para o seu filho sempre que possível. Isso irá ajudá-lo a aprender a falar. Incentive outros membros de sua família a fazer o mesmo.;526
desenvolvimento;A;Nascido;72;78;Separe um tempo para se dedicar a seu filho durante as refeições. Tempo de qualidade com a família ajuda a criança a desfrutar de refeições e a estar confiante no futuro.;527
seguranca;A;Nascido;72;78;Solicite ajuda nas tarefas aos seus familiares e amigos para que você tenha mais tempo com seu bebê. Seu bebê aprende com você e sua família.;528
educacao;A;Nascido;73;79;Frente a frente com seu filho, faça mímicas e caretas, como mostrar a língua. Vai diverti-lo e o fará imitar você!;529
seguranca;A;Nascido;73;79;Abra as janelas durante o cozimento para ventilar o ambiente e deixar a fumaça sair. Fumar em casa pode prejudicar os pulmões do seu filho e deixá-la doente.;530
seguranca;A;Nascido;73;79;Mantenha seus filhos distantes da cozinha quando você está cozinhando. Cozinhar faz fumaça, e respirá-la pode prejudicar seu filho.;531
seguranca;A;Nascido;74;80;Lave as roupas de seu filho com água e sabão e seque-as bem. Roupas limpas ajudarão a proteger-lo contra infecções.;532
saude;A;Nascido;74;80;Fezes líquidas e número maior de evacuações são sinais de diarreia. Ofereça leite materno e água limpa com maior frequência. Deixe-o repousar mais nessa fase.;533
saude;A;Nascido;74;80;Se a criança tiver diarreia por mais de um dia, procure o médico para avaliação e orientação. Antes disso, use rehidratação oral.;534
desenvolvimento;A;Nascido;75;81;Seu filho tem muita energia. Brinque de pega-pega com ele. Ao agarrá-lo, abrace-o com carinho e comemorem. Isso será muito divertido para ele!;535
seguranca;A;Nascido;75;81;Nunca deixe a criança sozinha perto de recipientes com água. Crianças pequenas podem se afogar facilmente, mesmo na privada. Se você sair, certifique-se de que um adulto responsável está tomando conta dela.;536
seguranca;A;Nascido;75;81;Cubra fossas e poços que seu filho possa acessar. Ela pode cair, se machucar ou se afogar. Cubra os poços com tampas que seu filho não consiga mover.;537
educacao;A;Nascido;76;82;Seu filho está apegado a um brinquedo ou objeto particular? Trata-se de situação muito normal. Ele ajudará a criança a se sentir segura e protegida.;538
saude;A;Nascido;76;82;A vitamina A mantém os olhos de seu filho saudável e o protege de outras doenças. Ele precisa tomá-la a cada seis meses.;539
saude;A;Nascido;76;82;Leve seu filho ao médico ou clinica nesta semana para tomar a vitamina A. Esse é um medicamento líquido, dado em gotas direto na boca dele.;540
educacao;A;Nascido;77;83;Faça uma bola de papel. Role para o seu filho e o incentive a rolar de volta para você. Essa brincadeira o irá auxiliar a desenvolver habilidades de coordenação.;541
seguranca;A;Nascido;77;83;Se você usar madeira para fazer fogo para cozinhar e na lareira, seque-a antes de utilizar. Isso irá minimizar a quantidade de fumaça produzida que pode prejudicar seu filho.;542
saude;A;Nascido;77;83;Mergulhe grãos à noite na véspera do cozimento. Desse modo reduzirá o tempo de cozimento e a quantidade de fumaça que pode causar transtornos para seu filho.;543
educacao;A;Nascido;78;84;"Seu filho agora está aprendendo a colocar duas palavras juntas, como ""me quer"". Elogie suas tentativas! A cada semana ele vai aprender novas palavras.";544
saude;A;Nascido;78;84;Converse com o médico sobre AIDS e HIV se você tem alguma dúvida de que seu filho possa estar afetado. Diagnóstico precoce permitirá o melhor cuidado possível.;545
saude;A;Nascido;78;84;Seu filho tem HIV? Certifique-se de que ele toma a medicação todos os dias. Pergunte ao médico se ele precisa de outros medicamentos.;546
educacao;A;Nascido;79;85;Transforme embalagens e caixas usadas de alimentos em brinquedos. Seu filho pode empilhá-las e fazer muitas brincadeiras. Certifique-se de que elas estão limpos e sem bordas afiadas.;547
saude;A;Nascido;79;85;Seu filho está aumentando bem de peso? É por causa da comida maravilhosa com que você o está alimentando-a. Continue dando-lhe quantidades suficientes de diferentes alimentos.;548
saude;A;Nascido;79;85;Seu filho está aumentando bem de peso? Resultado da comida maravilhosa com que você o está alimentando-a. Continue dando-lhe quantidades suficientes de diferentes alimentos.;549
educacao;A;Nascido;80;86;Seu filho grita? Ensine-o a colocar o dedo sobre os lábios e fazer 'shhh'. Brinque de sussurrar em seu ouvido e deixe ele sussurrar no seu.;550
seguranca;A;Nascido;80;86;Mantenha água potável, fervida ou filtrada armazenada e coberta. Isso irá protegê-la de animais, poeira, germes e mãos sujas. Mantenha colheres e conchas limpas também.;551
seguranca;A;Nascido;80;86;Mantenha alimentos e utensílios cobertos. Isso irá protegê-los de ratos, baratas, moscas, germes e poeira.;552
saude;A;Nascido;81;87;Seu filho está com o nariz entupido? Isso pode dificultar que ele coma. Ensine e ajude-o a soprar (assoar) suavemente o nariz.;553
seguranca;A;Nascido;81;87;Mantenha sempre seu fogão limpo. Após o cozimento, retire todos os restos de comida que ficaram nele. Isso irá minimizar a fumaça quando cozinhar e a proliferação de germes.;554
seguranca;A;Nascido;81;87;Cubra suas panelas com a tampa durante e após o cozimento. Isso irá manter o calor, cozinhando tudo mais rápido.;555
desenvolvimento;A;Nascido;82;88;Agora os músculos dos braços e das pernas de seu filho são fortes o suficiente para ele tentar escalar as coisas. Deixe-o subir com segurança na poltrona ou em algumas almofadas.;556
seguranca;A;Nascido;82;88;Cozinhe em áreas distantes do resto da família para que eles não respirem muita fumaça. Respirar a fumaça pode fazer mal a seu filho.;557
seguranca;A;Nascido;82;88;Tente manter o fogão posicionado na altura da cintura. Dessa forma, você não vai precisar se inclinar sobre o fogo e respirar fumaça. Fumaça pode lhe fazer mal.;558
educacao;A;Nascido;83;89;Pular vai ajudar seu filho a desenvolver coordenação motora. Faça marcas no chão e estimule ele a saltar de uma para o outra.;559
educacao;A;Nascido;83;89;Seu filho pode gostar de usar colher para comer. Ele pode se atrapalhar no início, mas vai ajudá-lo a desenvolver seu controle das mãos. Deixe-o se alimentar sozinho.;560
educacao;A;Nascido;83;89;Pode ser difícil alimentar uma criança que se recusa a comer. Mas seja paciente e continue tentando. Fale com ela suavemente à medida que você a alimenta.;561
desenvolvimento;A;Nascido;84;90;Logo, seu filho irá perceber quando precisa fazer xixi. Elogie quando ele conseguir. Eis um grande momento do desenvolvimento!;562
seguranca;A;Nascido;84;90;Bloqueie todo o acesso a áreas com água como bacias, tanques, privadas, piscinas, poços, fossas e lagoas. Se existirem, construa uma cerca para bloquear o acesso. Proteja seu filho de afogamentos.;563
saude;A;Nascido;84;90;Se seu filho afogou-se e está inconsciente, leve-o imediatamente para a clínica o mais rápido que puder. Nesse meio tempo, mantenha-o aquecido.;564
educacao;A;Nascido;85;91;Seu filho já entende a ideia de 'fingir'. Coloque uma meia em sua mão para fazer um boneco. Fale com ele fazendo uma voz engraçada!;565
seguranca;A;Nascido;85;91;Não guarde líquidos inflamáveis em garrafas de bebidas e refrigerantes. Seu filho pode beber por engano.;566
seguranca;A;Nascido;85;91;Não deixe os cabos de panelas com líquido quente virados para fora do fogão ou da pia. Seu filho pode alcançar a maçaneta e inclinar o líquido quente sobre ele.;567
educacao;A;Nascido;86;92;Seu filho consegue aprender até dez palavras novas a cada dia. Ajude-o repetindo os nomes de objetos enquanto você aponta para eles.;568
seguranca;A;Nascido;86;92;Segure sempre a mão de seu filho ao atravessar ruas. Isso o impedirá de atravessar sozinho ruas movimentadas e ser atropelado.;569
seguranca;A;Nascido;86;92;Especial atenção para crianças brincando ao ar livre perto de ruas. Incentive seus vizinhos a fazer o mesmo. Isso irá prevenir muitos acidentes graves.;570
saude;A;Nascido;87;93;Febre e micção frequente ou pouco frequente são sinais de uma infecção. Se seu filho apresentar esses sintomas, leve-o ao médico ou clínica.;571
saude;A;Nascido;87;93;Caso seu filho tenha uma infecção na bexiga, procure orientação e tratamento com seu médico ou clínica. Certifique-se de que ele siga todas as orientações fornecidas.;572
saude;A;Nascido;87;93;Depois que seu filho fizer xixi ou cocô, limpe todas as áreas envolvidas da frente para traz. Isso vai evitar que os germes entrem pelas vias urinárias.;573
educacao;A;Nascido;88;94;Incentive os irmãos mais velhos a brincar ou a alimentar seu filho. Isso vai incentivá-los a proteger e cuidar uns dos outros quando forem mais velhos.;574
saude;A;Nascido;88;94;Seu filho está tossindo muito e vomita depois? Leve-o ao médico. Ele pode necessitar de tratamento médico.;575
saude;A;Nascido;88;94;Crianças doentes necessitam de cuidados extra: repousar bastante, leite materno, água potável filtrada e fervida e alimentos saudáveis. Além de muito amor e carinho também!;576
educacao;A;Nascido;89;95;Ensine seu filho a lavar as mãos. Ajude-o a molhá-las, usar sabão e fazer espuma toda a vez que ele utilizar o banheiro, vier da rua e antes de comer.;577
seguranca;A;Nascido;89;95;Verifique se sua casa está segura para seu filho. Bloqueie o acesso a varandas ou áreas em que seu filho poderia cair. Torne sua casa segura para uma criança ativa.;578
seguranca;A;Nascido;89;95;Reserve uma área segura para brincadeiras. Remova móveis com cantos agudos e cortantes ou qualquer coisa na qual ela possa subir e tenha risco.;579
desenvolvimento;A;Nascido;90;96;Nesta semana cante uma música com o seu filho. Escolha algo feliz e animado. Dance e bata palmas! Ele vai adorar!;580
saude;A;Nascido;90;96;Não alimente seu filho com refrigerantes, sorvetes, chá, café, doces e balas. Não há nada de bom neles e pode prejudicar o crescimento do seu filho.;581
seguranca;A;Nascido;90;96;Alimentos deixados no prato podem causar doenças. Lave bem sempre todos os pratos, copos e talheres. Se o alimento grudar nos pratos e utensílios, mergulhe-os em água fervente.;582
desenvolvimento;A;Nascido;91;97;Curve-se para baixo quando falar com seu filho, para que ela possa ver seu rosto claramente. Isso o ajudará a se exercitar com as palavras que você está utilizando.;583
seguranca;A;Nascido;91;97;Em algumas áreas, dormir com um mosquiteiro tratado com inseticida para manter os mosquitos afastados pode prevenir doenças, como a malária. Converse com seu médico sobre isso.;584
seguranca;A;Nascido;91;97;Os mosquitos são atraídos para a água parada. Descarte todos os recipientes não utilizados ou vasos de água em torno de sua casa e/ou os mantenha invertidos.;585
saude;A;Nascido;92;98;Você pode querer parar de amamentar seu filho, mas ele precisa de leite materno pelo menos até que tenha dois anos. Faça um esforço para continuar amamentando!;586
saude;A;Nascido;92;98;Se você pretende parar de amamentar seu filho, reduza o número de mamadas lentamente ao longo de alguns meses. Parar de repente vai perturbá-lo.;587
saude;A;Nascido;92;98;Seu filho já consegue desenhar linhas e círculos na areia com um pedaço de pau. Desenhe junto com ele. Isso irá ajudá-lo a aprender a escrever quando for mais velho.;588
educacao;A;Nascido;93;99;Seu filho já consegue desenhar linhas e círculos com um pedaço de pau na areia. Desenhe junto com ele. Isso irá ajudá-lo a aprender a escrever quando for mais velho.;589
seguranca;A;Nascido;93;99;As crianças se contaminam com vermes a partir do chão. Meias grossas ou sapatos ajudam a proteger seu filho quando ele brinca ao ar livre.;590
seguranca;A;Nascido;93;99;Coloque seu filho em um cobertor no chão para mantê-lo longe de sujeira e germes. Certifique-se de que ele não possa alcançar coisas que venham a prejudicá-lo.;591
desenvolvimento;A;Nascido;94;100;Elogie bastante seu filho quando ele tenta algo novo e se empenha em tarefas. Seu elogio vai incentivá-la a continuar tentando. Ele quer impressioná-lo!;592
saude;A;Nascido;94;100;Você pode amamentar seu filho no peito se ele estiver doente, mesmo que ele já coma alimentos. O leite materno ajuda bastante na recuperação.;593
saude;A;Nascido;94;100;Você pode amamentar seu filho no peito se ele estiver doente, mesmo que ele já coma alimentos. O leite materno ajuda bastante na recuperação.”;594
educacao;A;Nascido;95;101;Seu filho gosta de esvaziar sacos e caixas? Isso pode incomodar você, mas ele está aprendendo que objetos pequenos podem caber dentro de outros maiores. Paciência!;595
seguranca;A;Nascido;95;101;Nunca deixe seu filho sozinho em lugares onde ele possa cair e se machucar. Isso inclui varandas, parapeitos das janelas, lajes, telhados e escadas.;596
seguranca;A;Nascido;95;101;Caso seu filho durma em uma cama alta cubra o chão com almofadas e cobertores, evitando que ele se machuque se cair dela.;597
seguranca;A;Nascido;96;102;Se você e seu parceiro têm divergências, não deixe seu filho assistir às discussões. Isso pode perturbá-lo.;598
seguranca;A;Nascido;96;102;Não deixe objetos pontiagudos, detergentes ou medicamentos ao alcance de seu filho, principalmente onde ele brinca. Seu filho, sempre curioso, brincará com qualquer coisa.;599
saude;A;Nascido;96;102;Não deixe objetos pontiagudos, detergentes ou medicamentos ao alcance de seu filho, principalmente onde ele brinca. Seu filho, sempre curioso, brincará com qualquer coisa.;600
desenvolvimento;A;Nascido;97;103;Seu filho agora cochila com menos frequência. Ele está crescendo! E rapidamente. Deixe-o porém, dormir sempre que ele precisar.;601
saude;A;Nascido;97;103;Em dias quentes, vista seu filho com roupas leves de algodão. Se ele parecer quente, afrouxe suas roupas ou remova algumas delas.;602
saude;A;Nascido;97;103;Proteja seu filho da desidratação. Ofereça muita água potável filtrada e fervida e o vista com roupas leves de algodão. Tente mantê-lo na sombra.;603
educacao;A;Nascido;98;104;não entendi esta afirmação. Figueiró;604
seguranca;A;Nascido;98;104;Seu filho dorme em uma cama elevada ou alta? Coloque almofadas no chão ao lado da cama, assim ele não vai se machucar se cair!;605
saude;A;Nascido;98;104;Se seu filho bater a cabeça e sangrar, ficar tonto ou desorientado, leve-o ao médico ou para a clínica. Ele pode precisar de tratamento.;606
educacao;A;Nascido;99;105;Seu filho pode entender opostos agora, como grande e pequeno, dentro e fora. Crie brincadeiras com ele. Isso o irá ajudar quando começar a aprender números.;607
saude;A;Nascido;99;105;Se perceber que seu filho está com a testa, peito ou costas quentes, banhe-o em água fria. Dê-lhe leite materno ou água fervida com abundância..;608
saude;A;Nascido;99;105;Se seu filho tiver febre que dure mais de um dia, leve-o ao médico ou para a clínica. Os profissionais de saúde podem lhe orientar.;609
desenvolvimento;A;Nascido;100;106;Uma frase muito fraquinha, não? Figueiró;610
saude;A;Nascido;100;106;Na próxima semana, leve seu filho ao médico para nova dose de vitamina A. Essa medida simples o ajudará a mantê-lo protegido contra muitas doenças.;611
saude;A;Nascido;100;106;Gotas de vitamina A colocadas na boca de seu filho o protege de doenças. É fácil e seguro. Seu filho precisa delas a cada 6 meses. Mantenha isso em mente.;612
